"","species","ba90","den90"
"1","ABCO",2.08999428600586,0.761134067284515
"2","ABMA",0.461744747453622,1.45371168427347
"3","CADE",0.840049147502038,2.75270348997374
"4","PICO",0.839781941288664,1.17585363039409
"5","PIJE",0.126637380328777,0.448167436077044
"6","PILA",2.5266342420464,2.66737706779458
"7","PIMO",0.378606898075975,1.01964690452374
"8","PIPO",0.21337279009737,0.234141131025423
"9","QUCH",0.456484257717605,-4.77376273619154
"10","QUKE",0.899857112815787,2.85670330020013
