"Step","Species","AdultAbsBA","simMean","pval","signif"
1,"ABMA",96.84838877,91.27498,1.68685883213305e-15,"Sig"
6,"ABMA",97.52063023,92.25418,6.6536127860128e-12,"Sig"
11,"ABMA",94.43564576,93.1881,5.00615465760368e-05,"Sig"
16,"ABMA",91.25577994,94.09877,1.33577369373674e-09,"Sig"
21,"ABMA",88.46650645,95.24969,6.84242103679139e-12,"Sig"
1,"PIMO",0.020687436,0,0,"Sig"
6,"PIMO",0.023809402,0,0,"Sig"
11,"PIMO",0.01586508,0,0,"Sig"
16,"PIMO",0.01993031,0,0,"Sig"
21,"PIMO",0.022551976,0,0,"Sig"
