"Step","Species","AdultAbsDen","simMean","pval","signif"
1,"ABMA",762,281.9333,4.9249228598372e-31,"Sig"
6,"ABMA",727,283.3556,1.04881739299656e-25,"Sig"
11,"ABMA",682,285.1334,2.61074719101054e-24,"Sig"
16,"ABMA",630,286.0888,3.13893179096316e-23,"Sig"
21,"ABMA",587,288.178,4.61722889727105e-22,"Sig"
1,"PIMO",3,0,0,"Sig"
6,"PIMO",3,0,0,"Sig"
11,"PIMO",2,0,0,"Sig"
16,"PIMO",2,0,0,"Sig"
21,"PIMO",2,0,0,"Sig"
