"Step","Species","AdultAbsDen","simMean","pval","signif"
1,"ABMA",762,266.0444,6.61813418292864e-30,"Sig"
6,"ABMA",727,269.7221,2.12803191070985e-27,"Sig"
11,"ABMA",682,273.1334,4.6379361967493e-25,"Sig"
16,"ABMA",630,275.5,4.00218790035557e-24,"Sig"
21,"ABMA",587,279.5333,1.06927258790952e-22,"Sig"
1,"PIMO",3,0,0,"Sig"
6,"PIMO",3,0,0,"Sig"
11,"PIMO",2,0,0,"Sig"
16,"PIMO",2,0,0,"Sig"
21,"PIMO",2,0.0888888,5.13568916666243e-16,"Sig"
