"","species","sdlDen","saplDen"
"1","ABCO",2.85931899586513,0.0643796078099554
"2","ABMA",14.8875047512833,0.759728200677027
"3","CADE",13.575578871535,0.234984947855286
"4","PICO",10.7705254892789,0.442401817775605
"5","PIJE",1.92125485961124,0.0125826315144812
"6","PILA",15.1210952161001,0.666951545514989
"7","PIMO",22.6328220059345,1.00199394835207
"8","PIPO",4.32353716057352,0.0393807646974382
"9","QUCH",4.31412795415874,203.96238272163
"10","QUKE",15.7927089460432,-0.109534927094004
