"","species","sdlDen","saplDen"
"1","ABCO",0.196095195067249,0.383714834092426
"2","ABMA",1.24591890159652,0.886494669820304
"3","CADE",4.3204354807872,0.570133547425022
"4","PICO",2.16474338950038,0.619040820347385
"5","PIJE",-0.216373959668711,0.0227019923807405
"6","PILA",1.45667001285107,1.04085802789665
"7","PIMO",2.60916174830554,1.25069870180942
"8","PIPO",1.00344307898945,0.092598212631462
"9","QUCH",-151.89991265755,226.012370042881
"10","QUKE",4.47176415074603,-0.131362614085995
